"site","age_mean","age_std","age_l"
"caH",161.033333333333,32.1971120286976,"a"
"caL",148.533333333333,16.5398856130251,"a"
"sj",72.5625,11.1391703919671,"b"
