"site","n_trees","n_radii","first_year","last_year","length_year","length_year5","rw_mean","rw_std","ms2","ar1","rbar.wt","eps"
"caL",15,30,1836,2016,181,164,1.25283333333333,0.7813,0.208366666666667,0.798733333333333,0.563,0.897
"caH",15,30,1819,2016,198,188,1.5002,0.879433333333333,0.2033,0.8271,0.513,0.907
"sj",20,48,1921,2016,96,90,1.72504166666667,1.20685416666667,0.319270833333333,0.691875,0.797,0.959
