"var","window_size","r2"
"rt","2-3","0.916882284149449"
"rt","2-4","0.804404303544226"
"rt","3-4","0.954056995082479"
"rc","2-3","0.940435462578806"
"rc","2-4","0.875357103621433"
"rc","3-4","0.977309191655523"
"rs","2-3","0.887274876125786"
"rs","2-4","0.764147394080222"
"rs","3-4","0.955085073886915"
"rrs","2-3","0.914381250472491"
"rrs","2-4","0.848277808345292"
"rrs","3-4","0.978980936308473"
