"segments","tops"
0.25,0.699721775836077
0.75,1.23852706709834
1.25,0.67318408245395
1.75,0.309060263040259
2.25,0.121467733971524
