"segments","tops"
0.25,7.87412211510371
0.75,3.39554898939493
1.25,1.38472911433018
1.75,0.566729475597085
2.25,0.468866467794962
2.75,0.0766348414190934
3.25,0.274263026532363
